MissingRate,Repeats,Mean Mean,Mean CI Low,Mean CI High,Median Mean,Median CI Low,Median CI High,ClinDiff-Lite Mean,ClinDiff-Lite CI Low,ClinDiff-Lite CI High,Delta MeanMinusClinDiff Mean,Delta MeanMinusClinDiff CI Low,Delta MeanMinusClinDiff CI High
20%,20,309.1247846142999,281.87570959748024,357.79409844190246,322.10294675133275,295.0580374090588,372.14043334490106,307.10327499659286,280.2042858413853,354.8687985109002,2.0215096177069967,-0.2743274786639134,5.780779660187825
40%,20,302.8787004854528,280.9534680264906,326.9880527226516,315.6859760931441,291.7754080234325,341.7670684767841,301.9935404600014,280.23305875379276,326.32660368987024,0.8851600254514495,-0.9682372114087257,3.028508658979121
60%,20,304.80472666393587,291.7191678627994,316.4478424951176,317.7339995462348,304.0644084096777,329.6076924746255,304.63087393461836,292.59538992322666,316.2516088641842,0.1738527293175423,-1.5276089206014845,0.5181762865025645
