MissingRate,Mean,Median,ClinDiff-Lite,ClinDiff-Gated
20%,196.03010614643046,208.33523038550467,190.90654533650542,191.95530081848176
40%,185.41525457372052,199.95454353647162,183.8645680940132,181.85493856549394
60%,191.43099757516262,208.43120372099565,190.56012245639963,190.56012245639963
