MissingRate,Repeats,Mean Overall,ClinDiff-Lite Overall,Grouped Overall,Mean Liver Avg,ClinDiff-Lite Liver Avg,Grouped Liver Avg,Delta GroupedMinusClinDiff Overall,Delta GroupedMinusClinDiff Liver Avg
20%,20,293.24855929628274,291.3140187317138,289.08236579191095,177.3012975371016,165.88118637795736,161.87973686024856,2.231652939802868,4.001449517708818
40%,20,306.4977056483092,306.87630497805895,306.4128402517263,184.20742056720954,179.62373559573174,178.863140479545,0.46346472633264285,0.7605951161867595
60%,20,304.2919027723583,304.50871036660703,308.3681639430598,182.23120510545013,179.94476025294392,186.19482666578318,-3.85945357645283,-6.250066412839251
